<?xml version="1.0" encoding="UTF-8" standalone="no"?><data><message><sender>Mike</sender><content>Hey everyone!!</content><recipient>All</recipient><time>13-Dec-2017, Wed, 01:20 AM</time></message><message><sender>Jake</sender><content>Hi Mike</content><recipient>All</recipient><time>13-Dec-2017, Wed, 01:20 AM</time></message><message><sender>Mike</sender><content>Whats up Jake?</content><recipient>Jake</recipient><time>13-Dec-2017, Wed, 01:21 AM</time></message><message><sender>Jake</sender><content>nah nothing new just the usual boring stuff</content><recipient>Mike</recipient><time>13-Dec-2017, Wed, 01:22 AM</time></message><message><sender>Mike</sender><content>I see, so how's work?</content><recipient>Jake</recipient><time>13-Dec-2017, Wed, 01:22 AM</time></message><message><sender>Jake</sender><content>It's going good :)</content><recipient>Mike</recipient><time>13-Dec-2017, Wed, 01:23 AM</time></message><message><sender>Mike</sender><content>K I'll catch up with you later</content><recipient>Jake</recipient><time>13-Dec-2017, Wed, 01:23 AM</time></message></data>